Residue,New Name,MeanAcrossFrames
R:A:ASP:86,Asp105,3.3249999999999993
R:A:VAL:94,Val113,1.335940594059406
R:A:TYR:386,Tyr381,1.3082508250825082
R:A:TRP:410,Trp405,0.571980198019802
R:A:TYR:413,Tyr408,0.4475247524752475
R:A:PHE:178,Phe197,-0.23557755775577566
R:A:ILE:55,Ile74,-0.3475
R:A:ASN:387,Asn382,-0.5074587458745876
R:A:ILE:161,Ile180,-0.5417821782178217
R:A:THR:170,Thr189,-0.6096699669966997
R:A:LEU:164,Leu183,-0.6112376237623763
R:A:THR:173,Thr192,-0.6630693069306932
R:A:CYS:412,Cys407,-0.7089768976897689
R:A:ALA:174,Ala193,-0.8745544554455446
R:A:TRP:383,Trp378,-0.9054125412541255
R:A:SER:90,Ser109,-1.2235973597359737
R:A:VAL:390,Val385,-1.4054455445544551
R:A:ALA:177,Ala196,-1.5387128712871283
R:A:TYR:87,Tyr106,-1.7701650165016498
R:A:GLN:91,Gln110,-2.6241254125412543
