Residue,New Name,Internal_mean,VDW_mean,EEL_mean,PBSOL_mean,NPSOL_mean,TOTAL_mean,Replica
R:A:ALA:174,Ala193,0.0,-0.8443564356435643,2.752871287128713,-0.6680198019801981,0.0,1.2403960396039604,Replica 1
R:A:ALA:177,Ala196,0.0,-0.93,-3.5582178217821783,1.1044554455445543,0.0,-3.382970297029703,Replica 1
R:A:ASN:387,Asn382,0.0,-1.6693069306930692,1.0630693069306931,-0.23811881188118814,0.0,-0.8433663366336634,Replica 1
R:A:CYS:412,Cys407,0.0,-0.896930693069307,0.14900990099009906,0.012079207920792083,0.0,-0.7365346534653465,Replica 1
R:A:GLN:91,Gln110,0.0,-0.6970297029702971,-1.2055445544554455,0.3592079207920792,0.0,-1.5443564356435642,Replica 1
R:A:LEU:164,Leu183,0.0,-0.23257425742574256,-0.02871287128712871,0.007821782178217824,0.0,-0.25346534653465347,Replica 1
R:A:PHE:178,Phe197,0.0,-0.8267326732673267,4.452376237623763,-1.0376237623762377,0.0,2.5887128712871283,Replica 1
R:A:SER:90,Ser109,0.0,-0.9481188118811882,4.076831683168317,-0.7296039603960396,0.0,2.39960396039604,Replica 1
R:A:THR:170,Thr189,0.0,-0.4873267326732673,0.42158415841584157,-0.13356435643564357,0.0,-0.19851485148514852,Replica 1
R:A:THR:173,Thr192,0.0,-0.9826732673267327,2.8660396039603957,-0.508019801980198,0.0,1.3752475247524754,Replica 1
R:A:TRP:138,Trp157,0.0,-1.3380198019801979,-1.2854455445544555,0.4903960396039604,0.0,-2.1335643564356435,Replica 1
R:A:TRP:383,Trp378,0.0,-3.5495049504950495,-0.5452475247524753,0.44732673267326734,0.0,-3.6469306930693066,Replica 1
R:A:TYR:386,Tyr381,0.0,-1.9159405940594059,-2.439009900990099,0.8623762376237624,0.0,-3.491782178217822,Replica 1
R:A:TYR:87,Tyr106,0.0,-3.4905,-0.9923000000000001,0.7787000000000001,0.0,-3.7044,Replica 1
R:A:VAL:390,Val385,0.0,-0.844059405940594,-3.6246534653465345,1.0155445544554456,0.0,-3.4535643564356437,Replica 1
R:A:VAL:94,Val113,0.0,-0.09207920792079209,0.03207920792079208,-0.033861386138613864,0.0,-0.09336633663366337,Replica 1
R:A:ALA:174,Ala193,0.0,-1.0331683168316832,2.0101980198019804,-0.5172277227722772,0.0,0.46029702970297026,Replica 2
R:A:ALA:177,Ala196,0.0,-1.0576237623762375,-2.915742574257426,0.9648514851485149,0.0,-3.0073267326732673,Replica 2
R:A:ASN:387,Asn382,0.0,-1.573861386138614,-1.3556435643564355,0.7455445544554455,0.0,-2.1845544554455443,Replica 2
R:A:CYS:412,Cys407,0.0,-0.18643564356435646,0.08148514851485147,0.08534653465346534,0.0,-0.01930693069306931,Replica 2
R:A:GLN:91,Gln110,0.0,-1.6951485148514853,-0.25,0.14435643564356437,0.0,-1.801980198019802,Replica 2
R:A:LEU:164,Leu183,0.0,-0.571089108910891,0.6831683168316832,-0.13554455445544555,0.0,-0.02455445544554456,Replica 2
R:A:PHE:178,Phe197,0.0,-1.5214851485148513,-0.9353465346534653,0.3107920792079208,0.0,-2.1466336633663365,Replica 2
R:A:SER:90,Ser109,0.0,-1.3627722772277227,-3.294059405940594,1.0134653465346535,0.0,-3.6441584158415843,Replica 2
R:A:THR:170,Thr189,0.0,-0.7589108910891089,-0.8573267326732673,0.27841584158415844,0.0,-1.3384158415841585,Replica 2
R:A:THR:173,Thr192,0.0,-0.9910891089108911,0.10891089108910891,0.2585148514851485,0.0,-0.6241584158415842,Replica 2
R:A:TRP:383,Trp378,0.0,-1.8976237623762375,-0.9859405940594059,0.5855445544554455,0.0,-2.298811881188119,Replica 2
R:A:TYR:386,Tyr381,0.0,-0.6593069306930693,-0.23138613861386137,0.10673267326732673,0.0,-0.7830693069306931,Replica 2
R:A:TYR:409,Tyr404,0.0,-0.10495049504950495,0.18821782178217825,0.055643564356435644,0.0,0.13861386138613863,Replica 2
R:A:TYR:87,Tyr106,0.0,-3.0247,0.5803,0.4174,0.0,-2.0272,Replica 2
R:A:VAL:390,Val385,0.0,-0.5475247524752475,-0.5600990099009902,0.14643564356435643,0.0,-0.9617821782178217,Replica 2
R:A:VAL:94,Val113,0.0,-0.4015841584158416,-0.7208910891089109,0.16415841584158414,0.0,-0.9596039603960396,Replica 2
R:A:ALA:174,Ala193,0.0,-0.4893069306930693,-1.165049504950495,0.30465346534653465,0.0,-1.3501980198019803,Replica 3
R:A:ALA:177,Ala196,0.0,-0.8464356435643564,-2.9327722772277225,0.8823762376237624,0.0,-2.896237623762376,Replica 3
R:A:ASN:387,Asn382,0.0,-1.1528712871287128,-2.0584158415841585,1.2536633663366337,0.0,-1.957821782178218,Replica 3
R:A:CYS:412,Cys407,0.0,-0.07841584158415842,-0.4761386138613862,0.12415841584158417,0.0,-0.4305940594059406,Replica 3
R:A:ILE:55,Ile74,0.0,-0.0124,0.0,-0.0208,0.0,-0.0348,Replica 3
R:A:LEU:164,Leu183,0.0,-0.525940594059406,0.95990099009901,-0.21376237623762376,0.0,0.21950495049504948,Replica 3
R:A:PHE:178,Phe197,0.0,-1.2468316831683168,1.169009900990099,-0.14138613861386137,0.0,-0.2196039603960396,Replica 3
R:A:SER:90,Ser109,0.0,-1.1865346534653465,1.8610891089108912,0.02712871287128714,0.0,0.7010891089108912,Replica 3
R:A:SER:93,Ser112,0.0,-0.056732673267326734,1.052871287128713,-0.3254455445544554,0.0,0.6705940594059406,Replica 3
R:A:THR:170,Thr189,0.0,-0.7805940594059406,0.03702970297029702,0.15722772277227723,0.0,-0.5865346534653465,Replica 3
R:A:THR:173,Thr192,0.0,-0.7844554455445545,-0.15297029702970297,0.19257425742574258,0.0,-0.7445544554455444,Replica 3
R:A:TRP:138,Trp157,0.0,-2.2307920792079208,2.0825742574257426,-0.32386138613861387,0.0,-0.4718811881188119,Replica 3
R:A:TRP:383,Trp378,0.0,-1.8445544554455446,-3.3994059405940593,1.275841584158416,0.0,-3.9673267326732673,Replica 3
R:A:TYR:386,Tyr381,0.0,-0.7303960396039604,-1.0910891089108912,0.5324752475247525,0.0,-1.2883168316831684,Replica 3
R:A:TYR:409,Tyr404,0.0,-0.0891089108910891,0.31445544554455446,-0.11643564356435643,0.0,0.10742574257425742,Replica 3
R:A:TYR:413,Tyr408,0.0,-0.02633663366336634,0.0,0.0013861386138613863,0.0,-0.024356435643564357,Replica 3
R:A:TYR:87,Tyr106,0.0,-2.8271287128712874,4.052079207920792,-0.7356435643564356,0.0,0.489009900990099,Replica 3
R:A:VAL:390,Val385,0.0,-1.1113861386138615,1.1665346534653467,-0.2844554455445545,0.0,-0.22970297029702968,Replica 3
R:A:VAL:94,Val113,0.0,-0.37405940594059406,2.330990099009901,-0.5895049504950495,0.0,1.368217821782178,Replica 3
